200,6,os,Contact Us,Request Demo,Buy from Us
1,2,1,24,6,1727,2
3,0,0,18,0,1747,1
5,3,0,2,7,561,2
3,3,1,16,3,525,1
5,2,1,21,7,605,1
0,3,0,22,2,156,0
3,3,1,8,2,534,2
3,1,1,25,0,1460,2
4,4,1,1,8,729,2
5,1,0,0,3,1351,0
4,1,1,23,1,1411,0
3,4,0,25,9,695,0
1,1,1,14,8,580,1
3,0,1,7,9,1453,1
5,1,0,3,8,1436,2
4,3,1,10,7,1402,2
4,4,0,12,3,1344,1
0,2,0,12,1,964,1
3,4,0,5,7,301,1
5,1,0,1,8,833,1
0,3,0,22,3,1457,2
2,1,1,29,5,1306,1
2,0,1,17,5,1654,2
1,3,1,12,6,1230,2
3,1,1,12,1,460,2
4,2,0,18,9,577,2
3,2,1,24,4,1600,0
4,3,1,5,7,1613,1
4,4,1,20,1,812,1
5,2,1,10,5,891,1
2,2,0,4,5,1452,2
0,3,0,10,3,1538,2
0,4,1,4,0,120,1
3,3,1,21,2,1556,2
4,3,0,25,2,1099,0
4,0,1,11,4,164,0
0,0,1,27,0,618,2
3,0,1,27,8,1075,0
0,2,1,9,5,1691,1
5,3,1,7,4,134,2
2,1,0,29,6,1568,2
0,2,0,22,0,1640,0
4,2,0,9,5,1740,2
4,0,0,3,2,1294,2
3,1,1,14,9,351,1
0,1,1,22,2,360,2
5,0,1,19,4,1444,1
2,2,0,25,8,380,2
5,3,1,24,2,1168,2
2,0,1,26,9,1681,2
0,1,1,29,7,1625,2
4,4,0,13,2,180,1
4,0,0,24,2,1397,2
2,4,0,1,8,1398,0
2,2,1,9,1,989,2
5,4,1,21,0,1399,2
3,3,0,18,0,902,1
5,1,1,16,2,1511,1
3,3,1,16,3,895,2
1,1,1,3,1,1050,1
3,4,1,3,5,1487,2
3,1,1,10,8,103,1
4,1,1,6,7,51,2
1,3,0,20,7,1140,1
4,2,1,22,4,1587,0
4,4,0,23,6,456,2
1,0,0,11,8,539,0
3,3,1,14,9,1342,1
5,2,1,21,7,262,1
1,1,1,28,4,996,0
4,4,0,10,7,546,0
4,4,1,9,3,219,1
5,0,1,5,8,1781,2
2,3,0,27,2,765,0
0,2,1,6,4,608,0
3,1,0,21,7,1546,2
1,0,1,24,6,557,1
5,1,0,28,1,1708,0
1,3,1,15,9,1152,1
0,3,1,14,2,662,2
1,3,0,3,7,166,0
4,2,0,8,7,888,1
0,1,0,3,9,1213,0
0,2,1,18,0,310,1
2,2,1,20,9,1041,2
4,4,0,0,5,897,1
2,2,0,4,9,1279,2
1,4,1,8,4,1031,0
5,4,0,23,0,125,1
2,2,0,21,4,1374,0
5,4,0,16,4,764,2
5,3,0,26,7,136,2
0,3,1,25,0,1379,0
0,1,0,18,4,250,2
1,4,0,29,5,1191,2
4,0,1,15,0,1232,0
5,4,1,9,4,785,2
4,0,1,20,6,256,2
4,3,0,22,5,1019,2
2,2,1,19,9,528,1
4,4,1,5,1,471,0
4,2,1,24,1,1625,0
3,0,1,27,6,1222,1
0,0,1,3,4,896,2
3,3,1,0,5,581,0
1,3,1,24,6,1368,1
0,2,0,23,0,250,0
5,2,1,21,9,493,2
0,2,1,0,6,1387,0
1,2,0,9,7,450,0
4,0,1,28,0,803,0
5,4,0,20,1,183,0
2,2,1,19,9,65,2
4,2,1,27,9,1300,2
0,1,0,11,4,1213,1
4,2,0,19,8,1752,2
3,1,1,21,0,329,2
3,4,1,28,5,1048,0
5,2,0,16,3,761,0
0,4,0,23,5,673,0
2,3,0,9,3,830,1
1,1,1,27,5,1488,0
3,3,1,7,8,243,0
1,0,0,18,7,1347,1
2,2,1,7,5,83,2
0,0,0,28,1,650,1
5,1,1,19,9,1204,1
3,1,0,22,5,1538,2
5,4,1,13,7,137,2
3,3,1,24,4,1591,1
3,2,1,1,1,587,2
4,4,1,11,2,1428,2
2,4,0,6,9,740,2
0,4,0,0,9,909,0
1,0,0,3,3,154,0
3,0,0,6,8,1510,2
2,4,0,10,0,1233,2
1,4,1,14,6,229,1
4,0,1,11,2,1140,1
1,2,1,28,9,441,1
5,2,0,29,6,1368,0
2,3,1,14,4,1477,1
0,4,0,20,4,1648,2
5,2,0,14,9,1327,1
1,3,1,8,1,156,1
5,4,0,22,5,1677,0
1,4,1,6,2,298,1
3,0,1,22,6,1549,1
1,3,1,21,6,1282,1
1,0,0,25,3,639,2
1,0,0,10,9,561,0
5,2,0,23,6,382,2
2,1,0,6,1,1544,1
5,3,0,23,1,1312,0
0,1,0,19,1,562,1
1,2,1,17,6,1198,2
0,4,0,21,0,532,2
3,1,1,14,0,181,1
2,1,1,2,8,1257,0
0,3,0,8,4,756,1
0,3,0,25,9,462,0
4,0,0,19,2,1002,2
3,4,0,10,6,1705,0
0,1,0,3,0,1062,0
2,1,1,3,6,702,0
4,4,0,25,0,843,2
5,2,1,11,4,1413,2
5,4,0,16,6,1115,1
4,1,0,5,2,1401,2
3,4,0,23,7,1206,0
1,1,0,16,3,222,1
3,1,0,19,7,349,0
5,1,1,2,5,556,1
0,1,0,7,4,475,2
4,1,1,13,6,118,1
0,1,0,24,3,587,2
1,3,0,13,3,554,1
3,1,1,26,8,512,1
1,0,0,26,0,1622,0
2,3,0,25,1,553,2
2,2,1,22,3,7,0
5,0,1,29,2,1146,0
2,2,1,15,1,1395,0
1,3,0,17,7,1690,2
2,4,0,3,6,1026,1
2,2,1,17,6,405,1
3,4,0,13,4,1348,1
5,3,0,4,4,949,0
2,2,1,21,1,1079,2
5,0,1,3,2,64,2
2,4,0,13,9,870,2
4,0,0,4,0,1518,2
1,4,1,15,8,765,0
2,0,0,15,8,834,1
4,0,1,22,1,1627,1
1,3,1,27,4,334,0
2,4,1,18,9,959,1
5,0,0,22,7,759,1
2,4,0,0,4,654,1
0,0,0,4,3,1024,2
